Protein1,LinkPos1,Protein2,LinkPos2,Score
sp|P60709|ACTB,291,sp|P60709|ACTB,326,12
sp|P60709|ACTB,291,sp|P60709|ACTB,328,33
sp|P60709|ACTB,328,sp|Q9H8M2|BRD9,95,1
sp|P60709|ACTB,328,sp|P51532|SMARCA4,516,1
sp|P60709|ACTB,328,sp|P51532|SMARCA4,517,7
sp|P60709|ACTB,328,sp|P51532|SMARCA4,524,12
sp|P60709|ACTB,68,sp|P60709|ACTB,50,1
sp|Q4VC05|BCL7A,15,sp|P51532|SMARCA4,499,6
sp|Q4VC05|BCL7A,27,sp|Q4VC05|BCL7A,15,4
sp|Q4VC05|BCL7A,27,sp|Q4VC05|BCL7A,30,22
sp|Q4VC05|BCL7A,34,sp|Q4VC05|BCL7A,27,5
sp|Q4VC05|BCL7A,34,sp|Q4VC05|BCL7A,30,14
sp|Q4VC05|BCL7A,34,sp|Q4VC05|BCL7A,59,1
sp|Q4VC05|BCL7A,47,sp|Q4VC05|BCL7A,15,2
sp|Q4VC05|BCL7A,47,sp|Q4VC05|BCL7A,34,25
sp|Q4VC05|BCL7A,55,sp|Q4VC05|BCL7A,34,8
sp|Q4VC05|BCL7A,67,sp|P51532|SMARCA4,1301,1
sp|Q9H8M2|BRD9,155,sp|Q9H8M2|BRD9,271,1
sp|Q9H8M2|BRD9,202,sp|Q9H8M2|BRD9,189,1
sp|Q9H8M2|BRD9,202,sp|Q9H8M2|BRD9,271,1
sp|Q9H8M2|BRD9,22,sp|Q6AI39|GLTSCR1L,1019,1
sp|Q9H8M2|BRD9,228,sp|Q9H8M2|BRD9,270,1
sp|Q9H8M2|BRD9,228,sp|P62805|H4,17,1
sp|Q9H8M2|BRD9,239,sp|Q9H8M2|BRD9,155,2
sp|Q9H8M2|BRD9,267,sp|Q9H8M2|BRD9,271,3
sp|Q9H8M2|BRD9,267,sp|Q9H8M2|BRD9,3,1
sp|Q9H8M2|BRD9,270,tr|B4DR52|B4DR52_HUMAN,126,1
sp|Q9H8M2|BRD9,373,sp|Q6AI39|GLTSCR1L,773,4
sp|Q9H8M2|BRD9,373,sp|Q92922|SMARCC1,905,2
sp|Q9H8M2|BRD9,379,sp|Q9H8M2|BRD9,373,1
sp|Q9H8M2|BRD9,379,sp|Q6AI39|GLTSCR1L,765,5
sp|Q9H8M2|BRD9,379,sp|Q92922|SMARCC1,905,3
sp|Q9H8M2|BRD9,438,sp|Q9H8M2|BRD9,460,20
sp|Q9H8M2|BRD9,438,sp|Q9H8M2|BRD9,468,6
sp|Q9H8M2|BRD9,438,sp|Q9H8M2|BRD9,76,1
sp|Q9H8M2|BRD9,438,sp|Q6AI39|GLTSCR1L,1019,1
sp|Q9H8M2|BRD9,438,sp|Q92922|SMARCC1,740,9
sp|Q9H8M2|BRD9,460,sp|Q9H8M2|BRD9,437,13
sp|Q9H8M2|BRD9,460,sp|Q9H8M2|BRD9,438,1
sp|Q9H8M2|BRD9,460,sp|Q92922|SMARCC1,740,11
sp|Q9H8M2|BRD9,468,sp|Q9H8M2|BRD9,437,2
sp|Q9H8M2|BRD9,468,sp|Q9H8M2|BRD9,460,49
sp|Q9H8M2|BRD9,468,sp|Q92922|SMARCC1,740,1
sp|Q9H8M2|BRD9,510,sp|Q9H8M2|BRD9,513,2
sp|Q9H8M2|BRD9,6,sp|Q96GM5|SMRD1,1,2
sp|Q9H8M2|BRD9,89,sp|Q9H8M2|BRD9,271,1
sp|Q9H8M2|BRD9,9,sp|Q9H8M2|BRD9,73,1
sp|Q9H8M2|BRD9,95,sp|P51532|SMARCA4,517,1
sp|Q6AI39|GLTSCR1L,1005,sp|Q6AI39|GLTSCR1L,1018,7
sp|Q6AI39|GLTSCR1L,1005,sp|Q6AI39|GLTSCR1L,1019,6
sp|Q6AI39|GLTSCR1L,1005,sp|Q6AI39|GLTSCR1L,921,1
sp|Q6AI39|GLTSCR1L,1005,sp|Q6AI39|GLTSCR1L,942,1
sp|Q6AI39|GLTSCR1L,1012,sp|Q6AI39|GLTSCR1L,1019,14
sp|Q6AI39|GLTSCR1L,1018,sp|Q9H8M2|BRD9,271,1
sp|Q6AI39|GLTSCR1L,1018,sp|Q6AI39|GLTSCR1L,905,1
sp|Q6AI39|GLTSCR1L,1018,sp|Q6AI39|GLTSCR1L,942,6
sp|Q6AI39|GLTSCR1L,691,sp|Q6AI39|GLTSCR1L,696,6
sp|Q6AI39|GLTSCR1L,696,sp|Q9H8M2|BRD9,3,1
sp|Q6AI39|GLTSCR1L,696,sp|Q6AI39|GLTSCR1L,896,1
sp|Q6AI39|GLTSCR1L,696,sp|Q92922|SMARCC1,740,1
sp|Q6AI39|GLTSCR1L,700,sp|Q6AI39|GLTSCR1L,720,1
sp|Q6AI39|GLTSCR1L,720,sp|Q6AI39|GLTSCR1L,696,2
sp|Q6AI39|GLTSCR1L,720,sp|Q6AI39|GLTSCR1L,773,6
sp|Q6AI39|GLTSCR1L,720,sp|Q6AI39|GLTSCR1L,832,1
sp|Q6AI39|GLTSCR1L,720,sp|P51532|SMARCA4,357,6
sp|Q6AI39|GLTSCR1L,720,sp|Q92922|SMARCC1,740,4
sp|Q6AI39|GLTSCR1L,720,sp|Q92922|SMARCC1,854,5
sp|Q6AI39|GLTSCR1L,720,sp|Q96GM5|SMRD1,232,1
sp|Q6AI39|GLTSCR1L,751,sp|Q9H8M2|BRD9,373,1
sp|Q6AI39|GLTSCR1L,765,sp|Q9H8M2|BRD9,373,12
sp|Q6AI39|GLTSCR1L,765,sp|Q6AI39|GLTSCR1L,1018,1
sp|Q6AI39|GLTSCR1L,765,sp|Q6AI39|GLTSCR1L,720,12
sp|Q6AI39|GLTSCR1L,765,sp|Q6AI39|GLTSCR1L,773,11
sp|Q6AI39|GLTSCR1L,832,sp|Q96GM5|SMRD1,327,1
sp|Q6AI39|GLTSCR1L,848,sp|Q6AI39|GLTSCR1L,832,2
sp|Q6AI39|GLTSCR1L,858,sp|Q6AI39|GLTSCR1L,832,2
sp|Q6AI39|GLTSCR1L,896,sp|Q6AI39|GLTSCR1L,905,6
sp|Q6AI39|GLTSCR1L,896,sp|Q6AI39|GLTSCR1L,942,1
sp|Q6AI39|GLTSCR1L,905,sp|Q6AI39|GLTSCR1L,942,6
sp|Q6AI39|GLTSCR1L,921,sp|Q6AI39|GLTSCR1L,905,8
sp|Q6AI39|GLTSCR1L,921,sp|Q6AI39|GLTSCR1L,942,2
sp|Q6AI39|GLTSCR1L,929,sp|Q6AI39|GLTSCR1L,942,11
sp|Q96QV6|HIST1H2AA,10,sp|Q9H8M2|BRD9,1,1
sp|Q96QV6|HIST1H2AA,10,sp|Q96QV6|HIST1H2AA,16,2
sp|Q96QV6|HIST1H2AA,10,sp|Q96QV6|HIST1H2AA,2,1
sp|Q96QV6|HIST1H2AA,10,sp|P84243|H33_HUMAN,2,2
sp|Q96QV6|HIST1H2AA,119,sp|Q96QV6|HIST1H2AA,128,1
sp|Q96QV6|HIST1H2AA,119,sp|Q96QV6|HIST1H2AA,96,11
sp|Q96QV6|HIST1H2AA,119,sp|P84243|H33_HUMAN,5,1
sp|Q96QV6|HIST1H2AA,119,sp|P84243|H33_HUMAN,57,2
sp|Q96QV6|HIST1H2AA,119,sp|P62805|H4,45,1
sp|Q96QV6|HIST1H2AA,119,sp|P51532|SMARCA4,1409,1
sp|Q96QV6|HIST1H2AA,120,sp|Q96QV6|HIST1H2AA,128,1
sp|Q96QV6|HIST1H2AA,120,sp|Q96QV6|HIST1H2AA,130,3
sp|Q96QV6|HIST1H2AA,120,sp|Q96QV6|HIST1H2AA,6,1
sp|Q96QV6|HIST1H2AA,120,sp|P84243|H33_HUMAN,10,1
sp|Q96QV6|HIST1H2AA,120,sp|P84243|H33_HUMAN,38,4
sp|Q96QV6|HIST1H2AA,120,sp|P62805|H4,45,1
sp|Q96QV6|HIST1H2AA,128,sp|P84243|H33_HUMAN,38,1
sp|Q96QV6|HIST1H2AA,128,sp|P62805|H4,21,1
sp|Q96QV6|HIST1H2AA,16,tr|B4DR52|B4DR52_HUMAN,126,1
sp|Q96QV6|HIST1H2AA,2,sp|P62805|H4,21,2
sp|Q96QV6|HIST1H2AA,37,sp|Q96QV6|HIST1H2AA,6,2
sp|Q96QV6|HIST1H2AA,37,tr|B4DR52|B4DR52_HUMAN,25,1
sp|Q96QV6|HIST1H2AA,37,sp|P84243|H33_HUMAN,5,6
sp|Q96QV6|HIST1H2AA,37,sp|Q96GM5|SMRD1,1,1
sp|Q96QV6|HIST1H2AA,6,sp|Q96QV6|HIST1H2AA,16,21
sp|Q96QV6|HIST1H2AA,6,tr|B4DR52|B4DR52_HUMAN,126,4
sp|Q96QV6|HIST1H2AA,6,sp|P62805|H4,21,4
sp|Q96QV6|HIST1H2AA,6,sp|P51532|SMARCA4,524,2
sp|Q96QV6|HIST1H2AA,96,sp|Q6AI39|GLTSCR1L,696,1
sp|Q96QV6|HIST1H2AA,96,sp|Q96QV6|HIST1H2AA,120,2
sp|Q96QV6|HIST1H2AA,96,sp|Q96QV6|HIST1H2AA,128,3
sp|Q96QV6|HIST1H2AA,96,sp|Q96QV6|HIST1H2AA,6,1
sp|Q96QV6|HIST1H2AA,96,sp|P84243|H33_HUMAN,5,7
sp|Q96QV6|HIST1H2AA,96,sp|P84243|H33_HUMAN,57,1
sp|Q96QV6|HIST1H2AA,96,sp|P62805|H4,21,11
sp|Q96QV6|HIST1H2AA,96,sp|P62805|H4,6,2
sp|Q96QV6|HIST1H2AA,96,sp|Q92922|SMARCC1,354,1
tr|B4DR52|B4DR52_HUMAN,109,sp|Q4VC05|BCL7A,15,13
tr|B4DR52|B4DR52_HUMAN,109,sp|Q4VC05|BCL7A,19,1
tr|B4DR52|B4DR52_HUMAN,109,sp|Q96QV6|HIST1H2AA,10,1
tr|B4DR52|B4DR52_HUMAN,109,sp|Q96QV6|HIST1H2AA,6,3
tr|B4DR52|B4DR52_HUMAN,109,sp|Q96QV6|HIST1H2AA,96,14
tr|B4DR52|B4DR52_HUMAN,109,tr|B4DR52|B4DR52_HUMAN,126,5
tr|B4DR52|B4DR52_HUMAN,109,tr|B4DR52|B4DR52_HUMAN,86,1
tr|B4DR52|B4DR52_HUMAN,109,sp|P84243|H33_HUMAN,10,2
tr|B4DR52|B4DR52_HUMAN,109,sp|P84243|H33_HUMAN,19,1
tr|B4DR52|B4DR52_HUMAN,109,sp|P84243|H33_HUMAN,28,2
tr|B4DR52|B4DR52_HUMAN,109,sp|P84243|H33_HUMAN,5,15
tr|B4DR52|B4DR52_HUMAN,109,sp|P84243|H33_HUMAN,80,20
tr|B4DR52|B4DR52_HUMAN,109,sp|P62805|H4,21,6
tr|B4DR52|B4DR52_HUMAN,109,sp|P62805|H4,6,2
tr|B4DR52|B4DR52_HUMAN,109,sp|P51532|SMARCA4,1332,2
tr|B4DR52|B4DR52_HUMAN,109,sp|Q92922|SMARCC1,317,1
tr|B4DR52|B4DR52_HUMAN,117,tr|B4DR52|B4DR52_HUMAN,126,6
tr|B4DR52|B4DR52_HUMAN,12,sp|Q96QV6|HIST1H2AA,6,1
tr|B4DR52|B4DR52_HUMAN,12,tr|B4DR52|B4DR52_HUMAN,17,4
tr|B4DR52|B4DR52_HUMAN,12,sp|Q92922|SMARCC1,345,1
tr|B4DR52|B4DR52_HUMAN,121,sp|Q9H8M2|BRD9,73,1
tr|B4DR52|B4DR52_HUMAN,121,sp|Q96QV6|HIST1H2AA,16,30
tr|B4DR52|B4DR52_HUMAN,121,sp|Q96QV6|HIST1H2AA,6,2
tr|B4DR52|B4DR52_HUMAN,121,sp|P84243|H33_HUMAN,5,1
tr|B4DR52|B4DR52_HUMAN,126,sp|Q96QV6|HIST1H2AA,16,9
tr|B4DR52|B4DR52_HUMAN,17,sp|Q9H8M2|BRD9,6,3
tr|B4DR52|B4DR52_HUMAN,17,tr|B4DR52|B4DR52_HUMAN,13,3
tr|B4DR52|B4DR52_HUMAN,17,tr|B4DR52|B4DR52_HUMAN,24,14
tr|B4DR52|B4DR52_HUMAN,17,tr|B4DR52|B4DR52_HUMAN,25,6
tr|B4DR52|B4DR52_HUMAN,21,tr|B4DR52|B4DR52_HUMAN,12,1
tr|B4DR52|B4DR52_HUMAN,21,tr|B4DR52|B4DR52_HUMAN,13,3
tr|B4DR52|B4DR52_HUMAN,21,tr|B4DR52|B4DR52_HUMAN,25,23
tr|B4DR52|B4DR52_HUMAN,21,sp|Q92922|SMARCC1,342,1
tr|B4DR52|B4DR52_HUMAN,21,sp|Q92922|SMARCC1,345,1
tr|B4DR52|B4DR52_HUMAN,24,tr|B4DR52|B4DR52_HUMAN,17,1
tr|B4DR52|B4DR52_HUMAN,28,tr|B4DR52|B4DR52_HUMAN,24,2
tr|B4DR52|B4DR52_HUMAN,32,tr|B4DR52|B4DR52_HUMAN,13,1
tr|B4DR52|B4DR52_HUMAN,32,tr|B4DR52|B4DR52_HUMAN,25,1
tr|B4DR52|B4DR52_HUMAN,35,sp|Q96QV6|HIST1H2AA,37,13
tr|B4DR52|B4DR52_HUMAN,35,tr|B4DR52|B4DR52_HUMAN,86,8
tr|B4DR52|B4DR52_HUMAN,35,sp|P84243|H33_HUMAN,5,1
tr|B4DR52|B4DR52_HUMAN,47,tr|B4DR52|B4DR52_HUMAN,35,2
tr|B4DR52|B4DR52_HUMAN,58,tr|B4DR52|B4DR52_HUMAN,25,1
tr|B4DR52|B4DR52_HUMAN,58,tr|B4DR52|B4DR52_HUMAN,35,10
tr|B4DR52|B4DR52_HUMAN,58,sp|P84243|H33_HUMAN,5,1
tr|B4DR52|B4DR52_HUMAN,58,sp|P84243|H33_HUMAN,65,27
tr|B4DR52|B4DR52_HUMAN,6,sp|Q96QV6|HIST1H2AA,10,1
tr|B4DR52|B4DR52_HUMAN,6,tr|B4DR52|B4DR52_HUMAN,21,1
tr|B4DR52|B4DR52_HUMAN,86,sp|Q96QV6|HIST1H2AA,37,9
tr|B4DR52|B4DR52_HUMAN,86,tr|B4DR52|B4DR52_HUMAN,25,1
sp|P84243|H33_HUMAN,1,sp|P84243|H33_HUMAN,15,1
sp|P84243|H33_HUMAN,10,sp|Q96QV6|HIST1H2AA,128,1
sp|P84243|H33_HUMAN,10,sp|P84243|H33_HUMAN,19,2
sp|P84243|H33_HUMAN,10,sp|P84243|H33_HUMAN,24,1
sp|P84243|H33_HUMAN,10,sp|P84243|H33_HUMAN,38,1
sp|P84243|H33_HUMAN,10,sp|P84243|H33_HUMAN,5,2
sp|P84243|H33_HUMAN,10,sp|P62805|H4,21,1
sp|P84243|H33_HUMAN,123,sp|P84243|H33_HUMAN,5,2
sp|P84243|H33_HUMAN,123,sp|P84243|H33_HUMAN,57,2
sp|P84243|H33_HUMAN,123,sp|P62805|H4,21,1
sp|P84243|H33_HUMAN,15,sp|P84243|H33_HUMAN,19,23
sp|P84243|H33_HUMAN,15,sp|P84243|H33_HUMAN,24,1
sp|P84243|H33_HUMAN,15,sp|P84243|H33_HUMAN,38,5
sp|P84243|H33_HUMAN,15,sp|P84243|H33_HUMAN,5,19
sp|P84243|H33_HUMAN,15,sp|P62805|H4,21,1
sp|P84243|H33_HUMAN,19,sp|Q96QV6|HIST1H2AA,120,1
sp|P84243|H33_HUMAN,19,sp|P84243|H33_HUMAN,10,22
sp|P84243|H33_HUMAN,19,sp|P84243|H33_HUMAN,28,1
sp|P84243|H33_HUMAN,19,sp|P84243|H33_HUMAN,38,2
sp|P84243|H33_HUMAN,19,sp|P84243|H33_HUMAN,5,1
sp|P84243|H33_HUMAN,19,sp|P62805|H4,17,1
sp|P84243|H33_HUMAN,19,sp|P62805|H4,21,1
sp|P84243|H33_HUMAN,24,sp|Q96QV6|HIST1H2AA,120,1
sp|P84243|H33_HUMAN,24,sp|P84243|H33_HUMAN,10,11
sp|P84243|H33_HUMAN,24,sp|P84243|H33_HUMAN,15,6
sp|P84243|H33_HUMAN,24,sp|P84243|H33_HUMAN,38,5
sp|P84243|H33_HUMAN,24,sp|P84243|H33_HUMAN,5,11
sp|P84243|H33_HUMAN,24,sp|P62805|H4,21,1
sp|P84243|H33_HUMAN,28,sp|P84243|H33_HUMAN,10,8
sp|P84243|H33_HUMAN,28,sp|P84243|H33_HUMAN,15,13
sp|P84243|H33_HUMAN,28,sp|P84243|H33_HUMAN,19,20
sp|P84243|H33_HUMAN,28,sp|P84243|H33_HUMAN,24,26
sp|P84243|H33_HUMAN,28,sp|P84243|H33_HUMAN,38,19
sp|P84243|H33_HUMAN,28,sp|P84243|H33_HUMAN,5,15
sp|P84243|H33_HUMAN,28,sp|P62805|H4,21,3
sp|P84243|H33_HUMAN,37,sp|Q96QV6|HIST1H2AA,120,4
sp|P84243|H33_HUMAN,37,sp|P84243|H33_HUMAN,19,1
sp|P84243|H33_HUMAN,37,sp|P84243|H33_HUMAN,24,1
sp|P84243|H33_HUMAN,37,sp|P84243|H33_HUMAN,38,2
sp|P84243|H33_HUMAN,37,sp|P84243|H33_HUMAN,5,2
sp|P84243|H33_HUMAN,38,sp|P84243|H33_HUMAN,57,1
sp|P84243|H33_HUMAN,5,sp|Q96QV6|HIST1H2AA,120,3
sp|P84243|H33_HUMAN,5,sp|Q96QV6|HIST1H2AA,16,2
sp|P84243|H33_HUMAN,5,sp|Q96QV6|HIST1H2AA,6,1
sp|P84243|H33_HUMAN,5,tr|B4DR52|B4DR52_HUMAN,126,2
sp|P84243|H33_HUMAN,5,sp|P84243|H33_HUMAN,10,29
sp|P84243|H33_HUMAN,5,sp|P84243|H33_HUMAN,19,20
sp|P84243|H33_HUMAN,5,sp|P84243|H33_HUMAN,38,6
sp|P84243|H33_HUMAN,5,sp|P84243|H33_HUMAN,5,2
sp|P84243|H33_HUMAN,5,sp|P62805|H4,21,13
sp|P84243|H33_HUMAN,5,sp|P62805|H4,45,2
sp|P84243|H33_HUMAN,5,sp|P51532|SMARCA4,546,1
sp|P84243|H33_HUMAN,57,sp|Q4VC05|BCL7A,27,1
sp|P84243|H33_HUMAN,57,sp|Q96QV6|HIST1H2AA,120,2
sp|P84243|H33_HUMAN,57,sp|Q96QV6|HIST1H2AA,128,2
sp|P84243|H33_HUMAN,57,sp|Q96QV6|HIST1H2AA,75,2
sp|P84243|H33_HUMAN,57,sp|P84243|H33_HUMAN,10,7
sp|P84243|H33_HUMAN,57,sp|P84243|H33_HUMAN,15,2
sp|P84243|H33_HUMAN,57,sp|P84243|H33_HUMAN,19,2
sp|P84243|H33_HUMAN,57,sp|P84243|H33_HUMAN,24,4
sp|P84243|H33_HUMAN,57,sp|P84243|H33_HUMAN,28,3
sp|P84243|H33_HUMAN,57,sp|P84243|H33_HUMAN,5,21
sp|P84243|H33_HUMAN,57,sp|P84243|H33_HUMAN,65,36
sp|P84243|H33_HUMAN,57,sp|P62805|H4,13,1
sp|P84243|H33_HUMAN,57,sp|P62805|H4,17,1
sp|P84243|H33_HUMAN,57,sp|P62805|H4,21,2
sp|P84243|H33_HUMAN,57,sp|P62805|H4,45,3
sp|P84243|H33_HUMAN,57,sp|P62805|H4,6,1
sp|P84243|H33_HUMAN,57,sp|P51532|SMARCA4,1375,1
sp|P84243|H33_HUMAN,57,sp|P51532|SMARCA4,1409,1
sp|P84243|H33_HUMAN,65,sp|P84243|H33_HUMAN,19,1
sp|P84243|H33_HUMAN,65,sp|P84243|H33_HUMAN,5,12
sp|P84243|H33_HUMAN,65,sp|P62805|H4,21,12
sp|P84243|H33_HUMAN,65,sp|P51532|SMARCA4,1430,2
sp|P84243|H33_HUMAN,80,sp|Q96QV6|HIST1H2AA,2,1
sp|P84243|H33_HUMAN,80,sp|P84243|H33_HUMAN,19,1
sp|P84243|H33_HUMAN,80,sp|P84243|H33_HUMAN,5,7
sp|P84243|H33_HUMAN,80,sp|P84243|H33_HUMAN,57,2
sp|P84243|H33_HUMAN,80,sp|P62805|H4,21,13
sp|P84243|H33_HUMAN,80,sp|P62805|H4,6,4
sp|P84243|H33_HUMAN,80,sp|P62805|H4,78,14
sp|P84243|H33_HUMAN,80,sp|P51532|SMARCA4,1029,1
sp|P62805|H4,13,sp|P62805|H4,21,4
sp|P62805|H4,13,sp|P62805|H4,6,14
sp|P62805|H4,13,sp|P51532|SMARCA4,1122,1
sp|P62805|H4,17,sp|Q96QV6|HIST1H2AA,2,2
sp|P62805|H4,17,sp|P62805|H4,21,17
sp|P62805|H4,17,sp|P62805|H4,6,12
sp|P62805|H4,21,sp|Q6AI39|GLTSCR1L,1019,2
sp|P62805|H4,21,sp|Q96QV6|HIST1H2AA,75,5
sp|P62805|H4,21,sp|Q96QV6|HIST1H2AA,96,5
sp|P62805|H4,21,sp|P62805|H4,21,3
sp|P62805|H4,21,sp|P62805|H4,32,1
sp|P62805|H4,32,sp|P84243|H33_HUMAN,5,1
sp|P62805|H4,32,sp|P62805|H4,21,5
sp|P62805|H4,32,sp|P62805|H4,45,6
sp|P62805|H4,45,sp|P62805|H4,21,4
sp|P62805|H4,6,sp|P62805|H4,21,15
sp|P62805|H4,60,sp|Q96QV6|HIST1H2AA,96,1
sp|P62805|H4,60,sp|P84243|H33_HUMAN,5,3
sp|P62805|H4,60,sp|P84243|H33_HUMAN,65,1
sp|P62805|H4,60,sp|P84243|H33_HUMAN,80,1
sp|P62805|H4,60,sp|P62805|H4,17,1
sp|P62805|H4,60,sp|P62805|H4,21,43
sp|P62805|H4,60,sp|P62805|H4,32,3
sp|P62805|H4,78,tr|B4DR52|B4DR52_HUMAN,126,3
sp|P62805|H4,78,tr|B4DR52|B4DR52_HUMAN,86,2
sp|P62805|H4,78,sp|P84243|H33_HUMAN,28,1
sp|P62805|H4,78,sp|P84243|H33_HUMAN,5,5
sp|P62805|H4,78,sp|P84243|H33_HUMAN,80,4
sp|P62805|H4,78,sp|P62805|H4,21,3
sp|P62805|H4,80,sp|P84243|H33_HUMAN,80,12
sp|P62805|H4,80,sp|P62805|H4,21,1
sp|P62805|H4,80,sp|P62805|H4,78,7
sp|P62805|H4,80,sp|Q92922|SMARCC1,590,1
sp|P62805|H4,9,sp|P62805|H4,17,10
sp|P62805|H4,9,sp|P62805|H4,21,7
sp|P62805|H4,9,sp|P51532|SMARCA4,1122,1
sp|P62805|H4,92,sp|Q96QV6|HIST1H2AA,37,5
sp|P62805|H4,92,sp|Q96QV6|HIST1H2AA,96,4
sp|P62805|H4,92,tr|B4DR52|B4DR52_HUMAN,35,3
sp|P62805|H4,92,tr|B4DR52|B4DR52_HUMAN,86,2
sp|P62805|H4,92,sp|P84243|H33_HUMAN,5,2
sp|P62805|H4,92,sp|P84243|H33_HUMAN,57,4
sp|P62805|H4,92,sp|P62805|H4,92,1
sp|P62805|H4,92,sp|P51532|SMARCA4,517,1
sp|P51532|SMARCA4,1033,sp|P62805|H4,21,1
sp|P51532|SMARCA4,1033,sp|P51532|SMARCA4,1026,1
sp|P51532|SMARCA4,1081,sp|P51532|SMARCA4,1091,10
sp|P51532|SMARCA4,1081,sp|P51532|SMARCA4,1131,1
sp|P51532|SMARCA4,1122,sp|P62805|H4,6,1
sp|P51532|SMARCA4,1122,sp|P51532|SMARCA4,1577,7
sp|P51532|SMARCA4,1131,sp|P51532|SMARCA4,1091,1
sp|P51532|SMARCA4,1131,sp|P51532|SMARCA4,1122,14
sp|P51532|SMARCA4,1131,sp|P51532|SMARCA4,1375,1
sp|P51532|SMARCA4,1131,sp|P51532|SMARCA4,1563,1
sp|P51532|SMARCA4,1131,sp|P51532|SMARCA4,1577,3
sp|P51532|SMARCA4,1131,sp|P51532|SMARCA4,835,8
sp|P51532|SMARCA4,1140,sp|P51532|SMARCA4,835,2
sp|P51532|SMARCA4,1213,sp|P51532|SMARCA4,1221,5
sp|P51532|SMARCA4,1213,sp|P51532|SMARCA4,835,4
sp|P51532|SMARCA4,1237,sp|P51532|SMARCA4,1221,21
sp|P51532|SMARCA4,1237,sp|P51532|SMARCA4,835,1
sp|P51532|SMARCA4,1299,sp|P51532|SMARCA4,1375,1
sp|P51532|SMARCA4,1301,sp|Q4VC05|BCL7A,1,2
sp|P51532|SMARCA4,1332,sp|P51532|SMARCA4,1131,3
sp|P51532|SMARCA4,1342,sp|Q96QV6|HIST1H2AA,96,2
sp|P51532|SMARCA4,1400,sp|P51532|SMARCA4,548,1
sp|P51532|SMARCA4,1417,sp|P51532|SMARCA4,1485,10
sp|P51532|SMARCA4,1417,sp|P51532|SMARCA4,1565,2
sp|P51532|SMARCA4,1417,sp|P51532|SMARCA4,1577,2
sp|P51532|SMARCA4,1427,sp|P51532|SMARCA4,1299,1
sp|P51532|SMARCA4,1427,sp|P51532|SMARCA4,1431,3
sp|P51532|SMARCA4,1427,sp|P51532|SMARCA4,1478,1
sp|P51532|SMARCA4,1430,sp|Q96GM5|SMRD1,1,4
sp|P51532|SMARCA4,1431,sp|P51532|SMARCA4,1478,3
sp|P51532|SMARCA4,1438,sp|P51532|SMARCA4,1475,1
sp|P51532|SMARCA4,1438,sp|P51532|SMARCA4,1478,21
sp|P51532|SMARCA4,1440,sp|P51532|SMARCA4,1475,1
sp|P51532|SMARCA4,1440,sp|P51532|SMARCA4,1478,1
sp|P51532|SMARCA4,1440,sp|P51532|SMARCA4,1561,3
sp|P51532|SMARCA4,1440,sp|P51532|SMARCA4,1563,1
sp|P51532|SMARCA4,1440,sp|P51532|SMARCA4,1565,5
sp|P51532|SMARCA4,1440,sp|P51532|SMARCA4,1577,7
sp|P51532|SMARCA4,1459,sp|P62805|H4,21,1
sp|P51532|SMARCA4,1459,sp|P51532|SMARCA4,1122,11
sp|P51532|SMARCA4,1459,sp|P51532|SMARCA4,1131,3
sp|P51532|SMARCA4,1459,sp|P51532|SMARCA4,1299,2
sp|P51532|SMARCA4,1459,sp|P51532|SMARCA4,1375,2
sp|P51532|SMARCA4,1459,sp|P51532|SMARCA4,1561,2
sp|P51532|SMARCA4,1459,sp|P51532|SMARCA4,1563,1
sp|P51532|SMARCA4,1459,sp|P51532|SMARCA4,1565,8
sp|P51532|SMARCA4,1459,sp|P51532|SMARCA4,1577,17
sp|P51532|SMARCA4,1459,sp|P51532|SMARCA4,835,1
sp|P51532|SMARCA4,1470,sp|P51532|SMARCA4,1476,3
sp|P51532|SMARCA4,1470,sp|P51532|SMARCA4,1478,1
sp|P51532|SMARCA4,1470,sp|P51532|SMARCA4,1485,35
sp|P51532|SMARCA4,1470,sp|P51532|SMARCA4,1577,1
sp|P51532|SMARCA4,1475,sp|P51532|SMARCA4,1122,1
sp|P51532|SMARCA4,1475,sp|P51532|SMARCA4,1478,14
sp|P51532|SMARCA4,1475,sp|P51532|SMARCA4,546,1
sp|P51532|SMARCA4,1485,sp|P51532|SMARCA4,1470,20
sp|P51532|SMARCA4,1485,sp|P51532|SMARCA4,1478,3
sp|P51532|SMARCA4,1485,sp|P51532|SMARCA4,1530,1
sp|P51532|SMARCA4,1485,sp|P51532|SMARCA4,1565,2
sp|P51532|SMARCA4,1561,sp|P51532|SMARCA4,1478,2
sp|P51532|SMARCA4,1561,sp|P51532|SMARCA4,1577,1
sp|P51532|SMARCA4,1565,sp|P51532|SMARCA4,1478,2
sp|P51532|SMARCA4,1565,sp|P51532|SMARCA4,1561,16
sp|P51532|SMARCA4,1565,sp|P51532|SMARCA4,1577,13
sp|P51532|SMARCA4,1569,sp|P51532|SMARCA4,1561,1
sp|P51532|SMARCA4,1571,sp|P51532|SMARCA4,1561,7
sp|P51532|SMARCA4,1571,sp|P51532|SMARCA4,1563,12
sp|P51532|SMARCA4,1571,sp|P51532|SMARCA4,1565,12
sp|P51532|SMARCA4,1571,sp|P51532|SMARCA4,1577,11
sp|P51532|SMARCA4,1577,sp|P51532|SMARCA4,1563,1
sp|P51532|SMARCA4,207,sp|P51532|SMARCA4,94,1
sp|P51532|SMARCA4,399,sp|Q92922|SMARCC1,609,2
sp|P51532|SMARCA4,399,sp|Q92922|SMARCC1,615,1
sp|P51532|SMARCA4,437,sp|P51532|SMARCA4,546,1
sp|P51532|SMARCA4,443,tr|B4DR52|B4DR52_HUMAN,13,1
sp|P51532|SMARCA4,443,sp|P51532|SMARCA4,496,1
sp|P51532|SMARCA4,455,sp|P51532|SMARCA4,440,2
sp|P51532|SMARCA4,461,sp|P51532|SMARCA4,455,7
sp|P51532|SMARCA4,461,sp|Q92922|SMARCC1,615,1
sp|P51532|SMARCA4,467,sp|P51532|SMARCA4,545,1
sp|P51532|SMARCA4,496,sp|Q4VC05|BCL7A,15,8
sp|P51532|SMARCA4,496,sp|Q4VC05|BCL7A,19,2
sp|P51532|SMARCA4,499,sp|Q4VC05|BCL7A,15,1
sp|P51532|SMARCA4,499,sp|P51532|SMARCA4,524,1
sp|P51532|SMARCA4,502,sp|P62805|H4,2,1
sp|P51532|SMARCA4,502,sp|P51532|SMARCA4,1476,1
sp|P51532|SMARCA4,502,sp|P51532|SMARCA4,496,3
sp|P51532|SMARCA4,516,sp|P51532|SMARCA4,524,27
sp|P51532|SMARCA4,516,sp|P51532|SMARCA4,545,5
sp|P51532|SMARCA4,517,sp|P51532|SMARCA4,524,45
sp|P51532|SMARCA4,524,sp|P51532|SMARCA4,516,9
sp|P51532|SMARCA4,524,sp|P51532|SMARCA4,540,1
sp|P51532|SMARCA4,524,sp|P51532|SMARCA4,545,4
sp|P51532|SMARCA4,540,sp|P51532|SMARCA4,1379,1
sp|P51532|SMARCA4,540,sp|P51532|SMARCA4,443,1
sp|P51532|SMARCA4,540,sp|P51532|SMARCA4,524,2
sp|P51532|SMARCA4,540,sp|P51532|SMARCA4,546,5
sp|P51532|SMARCA4,540,sp|P51532|SMARCA4,548,18
sp|P51532|SMARCA4,545,sp|P51532|SMARCA4,516,2
sp|P51532|SMARCA4,545,sp|P51532|SMARCA4,517,8
sp|P51532|SMARCA4,545,sp|P51532|SMARCA4,524,27
sp|P51532|SMARCA4,711,sp|P51532|SMARCA4,689,2
sp|P51532|SMARCA4,755,sp|P51532|SMARCA4,991,5
sp|P51532|SMARCA4,800,sp|P51532|SMARCA4,744,3
sp|P51532|SMARCA4,800,sp|P51532|SMARCA4,876,2
sp|P51532|SMARCA4,835,sp|P84243|H33_HUMAN,28,4
sp|P51532|SMARCA4,835,sp|P84243|H33_HUMAN,5,4
sp|P51532|SMARCA4,835,sp|P62805|H4,21,2
sp|P51532|SMARCA4,835,sp|P51532|SMARCA4,1221,3
sp|P51532|SMARCA4,876,tr|B4DR52|B4DR52_HUMAN,12,1
sp|P51532|SMARCA4,876,sp|P51532|SMARCA4,578,1
sp|P51532|SMARCA4,970,sp|P51532|SMARCA4,1530,1
sp|P51532|SMARCA4,970,sp|P51532|SMARCA4,540,1
sp|P51532|SMARCA4,970,sp|P51532|SMARCA4,572,3
sp|P51532|SMARCA4,991,sp|P51532|SMARCA4,1091,1
sp|P51532|SMARCA4,991,sp|P51532|SMARCA4,1219,8
sp|P51532|SMARCA4,991,sp|P51532|SMARCA4,1221,14
sp|P51532|SMARCA4,991,sp|P51532|SMARCA4,1430,4
sp|P51532|SMARCA4,991,sp|P51532|SMARCA4,1565,1
sp|P51532|SMARCA4,997,sp|P51532|SMARCA4,581,1
sp|Q92922|SMARCC1,183,sp|Q92922|SMARCC1,189,11
sp|Q92922|SMARCC1,199,sp|Q92922|SMARCC1,292,2
sp|Q92922|SMARCC1,2,sp|Q92922|SMARCC1,346,1
sp|Q92922|SMARCC1,292,sp|P51532|SMARCA4,1485,1
sp|Q92922|SMARCC1,303,sp|P51532|SMARCA4,1470,1
sp|Q92922|SMARCC1,303,sp|Q92922|SMARCC1,292,4
sp|Q92922|SMARCC1,303,sp|Q92922|SMARCC1,317,1
sp|Q92922|SMARCC1,317,sp|P51532|SMARCA4,1470,2
sp|Q92922|SMARCC1,317,sp|Q92922|SMARCC1,183,1
sp|Q92922|SMARCC1,317,sp|Q92922|SMARCC1,292,7
sp|Q92922|SMARCC1,34,sp|Q92922|SMARCC1,317,7
sp|Q92922|SMARCC1,342,sp|Q92922|SMARCC1,346,1
sp|Q92922|SMARCC1,346,tr|B4DR52|B4DR52_HUMAN,13,1
sp|Q92922|SMARCC1,346,tr|B4DR52|B4DR52_HUMAN,16,1
sp|Q92922|SMARCC1,346,sp|Q92922|SMARCC1,342,10
sp|Q92922|SMARCC1,354,sp|Q92922|SMARCC1,342,2
sp|Q92922|SMARCC1,354,sp|Q92922|SMARCC1,345,2
sp|Q92922|SMARCC1,359,sp|Q92922|SMARCC1,317,2
sp|Q92922|SMARCC1,359,sp|Q92922|SMARCC1,354,2
sp|Q92922|SMARCC1,359,sp|Q92922|SMARCC1,478,5
sp|Q92922|SMARCC1,369,sp|Q92922|SMARCC1,478,5
sp|Q92922|SMARCC1,401,sp|Q92922|SMARCC1,392,7
sp|Q92922|SMARCC1,41,sp|Q4VC05|BCL7A,33,1
sp|Q92922|SMARCC1,41,sp|Q92922|SMARCC1,303,2
sp|Q92922|SMARCC1,41,sp|Q92922|SMARCC1,317,8
sp|Q92922|SMARCC1,478,sp|Q9H8M2|BRD9,270,1
sp|Q92922|SMARCC1,478,sp|Q9H8M2|BRD9,271,2
sp|Q92922|SMARCC1,478,sp|P51532|SMARCA4,1577,1
sp|Q92922|SMARCC1,478,sp|Q92922|SMARCC1,317,1
sp|Q92922|SMARCC1,478,sp|Q92922|SMARCC1,346,1
sp|Q92922|SMARCC1,478,sp|Q92922|SMARCC1,354,3
sp|Q92922|SMARCC1,480,sp|Q92922|SMARCC1,478,1
sp|Q92922|SMARCC1,482,sp|Q92922|SMARCC1,478,11
sp|Q92922|SMARCC1,482,sp|Q92922|SMARCC1,615,1
sp|Q92922|SMARCC1,588,sp|Q92922|SMARCC1,478,1
sp|Q92922|SMARCC1,588,sp|Q92922|SMARCC1,590,24
sp|Q92922|SMARCC1,588,sp|Q92922|SMARCC1,592,28
sp|Q92922|SMARCC1,588,sp|Q92922|SMARCC1,882,20
sp|Q92922|SMARCC1,588,sp|Q96GM5|SMRD1,131,1
sp|Q92922|SMARCC1,590,sp|Q92922|SMARCC1,592,1
sp|Q92922|SMARCC1,590,sp|Q92922|SMARCC1,882,15
sp|Q92922|SMARCC1,592,sp|Q92922|SMARCC1,882,13
sp|Q92922|SMARCC1,592,sp|Q96GM5|SMRD1,131,1
sp|Q92922|SMARCC1,608,sp|P51532|SMARCA4,440,2
sp|Q92922|SMARCC1,608,sp|Q92922|SMARCC1,613,10
sp|Q92922|SMARCC1,613,sp|Q92922|SMARCC1,189,3
sp|Q92922|SMARCC1,615,sp|P51532|SMARCA4,458,1
sp|Q92922|SMARCC1,615,sp|Q92922|SMARCC1,608,8
sp|Q92922|SMARCC1,615,sp|Q92922|SMARCC1,609,13
sp|Q92922|SMARCC1,64,sp|Q96GM5|SMRD1,1,1
sp|Q92922|SMARCC1,65,sp|P51532|SMARCA4,467,1
sp|Q92922|SMARCC1,65,sp|Q92922|SMARCC1,65,3
sp|Q92922|SMARCC1,716,sp|Q92922|SMARCC1,740,1
sp|Q92922|SMARCC1,716,sp|Q92922|SMARCC1,882,3
sp|Q92922|SMARCC1,739,sp|Q9H8M2|BRD9,460,2
sp|Q92922|SMARCC1,739,sp|Q92922|SMARCC1,225,1
sp|Q92922|SMARCC1,739,sp|Q92922|SMARCC1,891,1
sp|Q92922|SMARCC1,740,sp|Q92922|SMARCC1,854,16
sp|Q92922|SMARCC1,856,sp|Q9H8M2|BRD9,438,2
sp|Q92922|SMARCC1,856,sp|Q6AI39|GLTSCR1L,720,6
sp|Q92922|SMARCC1,856,sp|Q92922|SMARCC1,225,1
sp|Q92922|SMARCC1,856,sp|Q92922|SMARCC1,34,3
sp|Q92922|SMARCC1,856,sp|Q92922|SMARCC1,341,2
sp|Q92922|SMARCC1,856,sp|Q92922|SMARCC1,739,1
sp|Q92922|SMARCC1,856,sp|Q92922|SMARCC1,740,7
sp|Q92922|SMARCC1,882,sp|Q92922|SMARCC1,740,4
sp|Q92922|SMARCC1,882,sp|Q92922|SMARCC1,854,1
sp|Q92922|SMARCC1,893,tr|B4DR52|B4DR52_HUMAN,126,1
sp|Q92922|SMARCC1,905,sp|Q6AI39|GLTSCR1L,773,6
sp|Q92922|SMARCC1,925,sp|Q96GM5|SMRD1,353,8
sp|Q96GM5|SMRD1,101,sp|P51532|SMARCA4,405,1
sp|Q96GM5|SMRD1,101,sp|Q92922|SMARCC1,592,1
sp|Q96GM5|SMRD1,101,sp|Q92922|SMARCC1,608,2
sp|Q96GM5|SMRD1,101,sp|Q92922|SMARCC1,609,2
sp|Q96GM5|SMRD1,101,sp|Q92922|SMARCC1,615,2
sp|Q96GM5|SMRD1,101,sp|Q96GM5|SMRD1,173,2
sp|Q96GM5|SMRD1,101,sp|Q96GM5|SMRD1,223,3
sp|Q96GM5|SMRD1,101,sp|Q96GM5|SMRD1,232,5
sp|Q96GM5|SMRD1,101,sp|Q96GM5|SMRD1,464,18
sp|Q96GM5|SMRD1,124,sp|Q92922|SMARCC1,609,2
sp|Q96GM5|SMRD1,127,tr|B4DR52|B4DR52_HUMAN,32,1
sp|Q96GM5|SMRD1,127,sp|Q96GM5|SMRD1,1,1
sp|Q96GM5|SMRD1,131,sp|Q6AI39|GLTSCR1L,1019,1
sp|Q96GM5|SMRD1,131,sp|Q96GM5|SMRD1,124,2
sp|Q96GM5|SMRD1,131,sp|Q96GM5|SMRD1,232,18
sp|Q96GM5|SMRD1,156,sp|P51532|SMARCA4,455,1
sp|Q96GM5|SMRD1,156,sp|Q96GM5|SMRD1,127,1
sp|Q96GM5|SMRD1,164,sp|P84243|H33_HUMAN,5,1
sp|Q96GM5|SMRD1,173,sp|Q6AI39|GLTSCR1L,942,2
sp|Q96GM5|SMRD1,173,sp|Q92922|SMARCC1,910,6
sp|Q96GM5|SMRD1,173,sp|Q96GM5|SMRD1,177,8
sp|Q96GM5|SMRD1,194,sp|Q92922|SMARCC1,615,1
sp|Q96GM5|SMRD1,194,sp|Q96GM5|SMRD1,101,1
sp|Q96GM5|SMRD1,194,sp|Q96GM5|SMRD1,273,12
sp|Q96GM5|SMRD1,194,sp|Q96GM5|SMRD1,385,3
sp|Q96GM5|SMRD1,223,sp|Q6AI39|GLTSCR1L,1019,1
sp|Q96GM5|SMRD1,223,sp|Q92922|SMARCC1,392,2
sp|Q96GM5|SMRD1,223,sp|Q92922|SMARCC1,393,4
sp|Q96GM5|SMRD1,223,sp|Q96GM5|SMRD1,232,8
sp|Q96GM5|SMRD1,228,sp|Q96GM5|SMRD1,232,4
sp|Q96GM5|SMRD1,232,sp|Q96GM5|SMRD1,127,2
sp|Q96GM5|SMRD1,232,sp|Q96GM5|SMRD1,228,7
sp|Q96GM5|SMRD1,232,sp|Q96GM5|SMRD1,230,1
sp|Q96GM5|SMRD1,327,sp|Q96GM5|SMRD1,232,1
sp|Q96GM5|SMRD1,341,sp|Q92922|SMARCC1,359,2
sp|Q96GM5|SMRD1,353,sp|Q92922|SMARCC1,925,33
sp|Q96GM5|SMRD1,385,sp|Q92922|SMARCC1,387,1
sp|Q96GM5|SMRD1,385,sp|Q92922|SMARCC1,392,5
sp|Q96GM5|SMRD1,385,sp|Q92922|SMARCC1,393,1
sp|Q96GM5|SMRD1,464,sp|Q6AI39|GLTSCR1L,720,1
sp|Q96GM5|SMRD1,464,sp|P51532|SMARCA4,357,20
sp|Q96GM5|SMRD1,464,sp|Q92922|SMARCC1,608,12
sp|Q96GM5|SMRD1,464,sp|Q92922|SMARCC1,609,6
